"English","English"
"Art History","Art History"
"Forest Technology","Forest Technology"
"Individual and Family Studies","Individual and Family Studies"
"Actuarial Science","Actuarial Science"
"Economics","Economics"
"Environmental Resource Management","Environmental Resource Management"
"History","History"
"Landscape Architecture","Landscape Architecture"
"Animal Bioscience","Animal Bioscience"
"Agriculture","Agriculture"
"Biobehavioral Health","Biobehavioral Health"
"Finance","Finance"
"Forest Science","Forest Science"
"Animal Sciences","Animal Sciences"
"Applied Mathematics","Applied Mathematics"
"Chemistry","Chemistry"
"Electrical Engineering","Electrical Engineering"
"Elementary and Kindergarten Education","Elementary and Kindergarten Education"
"Geosciences","Geosciences"
"Studio Art","Studio Art"
"Architectural Engineering","Architectural Engineering"
"Engineering Science","Engineering Science"
"Environmental Systems Engineering","Environmental Systems Engineering"
"Film and Video","Film and Video"
"Information Sciences and Technology","Information Sciences and Technology"
"Children","Children"
"Agricultural and Biological Engineering","Agricultural and Biological Engineering"
"Chemical Engineering","Chemical Engineering"
"Anthropology","Anthropology"
"Advertising","Advertising"
"Accounting","Accounting"
"Biophysics","Biophysics"
"Agricultural Business Management","Agricultural Business Management"
"Bioengineering","Bioengineering"
"Agriculture Economics","Agriculture Economics"
"Archaeology","Archaeology"
"Earth Sciences","Earth Sciences"
"Environmental Sciences","Environmental Sciences"
"Industrial Engineering","Industrial Engineering"
"Computer Engineering","Computer Engineering"
"Computer Science","Computer Science"
"Graphic Design and Photography","Graphic Design and Photography"
"Dance","Dance"
"Health and Physical Education","Health and Physical Education"
"Art Education","Art Education"
"Food Science","Food Science"
"Geography","Geography"
"Biology","Biology"
"Biotechnology","Biotechnology"
"Civil Engineering","Civil Engineering"
"Crime, Law, and Justice","Crime, Law, and Justice"
"Human Development and Family Studies","Human Development and Family Studies"
"Journalism","Journalism"
"Health Policy and Administration","Health Policy and Administration"
"Kinesiology","Kinesiology"
"Biochemistry","Biochemistry"
"Business Logistics","Business Logistics"
"General Science","General Science"
"Law Enforcement and Correction","Law Enforcement and Correction"
"Architecture","Architecture"
"Business Administration and Management","Business Administration and Management"
"Horticulture","Horticulture"
"Hotel, Restaurant, and Institutional Management","Hotel, Restaurant, and Institutional Management"
"Marine Biology","Marine Biology"
"Nursing","Nursing"
"Mathematics","Mathematics"
"Music Education","Music Education"
"Real Estate","Real Estate"
"Telecommunications","Telecommunications"
"Psychology","Psychology"
"Physics","Physics"
"Secondary Education","Secondary Education"
"Social Work","Social Work"
"Political Science","Political Science"
"Public Relations","Public Relations"
"Speech Communication","Speech Communication"
"Statistics","Statistics"
"Wildlife and Fishery Science","Wildlife and Fishery Science"
"Nuclear Engineering","Nuclear Engineering"
"Meteorology","Meteorology"
"Pre-medicine","Pre-medicine"
"Sociology","Sociology"
"Special Education","Special Education"
"Wildlife Technology","Wildlife Technology"
"Microbiology","Microbiology"
"Physiology","Physiology"
"Theater","Theater"
"Marketing","Marketing"
"Rehabilitation Services","Rehabilitation Services"
"Modern Languages","Modern Languages"
"Nutrition","Nutrition"
"Women's Studies","Women's Studies"
"Mechanical Engineering","Mechanical Engineering"
"Religious Studies","Religious Studies"
"Mineral Economics","Mineral Economics"
"Media Studies","Media Studies"
"Philosophy","Philosophy"
"Recreation and Parks","Recreation and Parks"
"Speech Pathology and Audiology/Communication Disorder","Speech Pathology and Audiology/Communication Disorder"
